subid,trial.type,comparison,trial.num,first.side,more.side,choice,start,click
9.3.14.1b,warmUp,1vs3,1,rightB,leftB,cookieleft2,1409767376675,1409767377263
9.3.14.1b,warmUp,1vs4,2,rightB,leftB,cookieleft1,1409767416941,1409767418931
9.3.14.1b,warmUp,1vs2,3,rightB,rightB,plateLeft,1409767428061,1409767431224
9.3.14.1b,warmUp,1vs2,3,rightB,rightB,cookieleft1,1409767428061,1409767432530
9.3.14.1b,warmUp,1vs2,3,rightB,rightB,cookieleft1,1409767428061,1409767433681
9.3.14.1b,warmUp,1vs2,3,rightB,rightB,cookieleft1,1409767428061,1409767434815
9.3.14.3,warmUp,1vs3,1,leftB,leftB,cookieleft3,1409768805145,1409768838575
9.3.14.3,warmUp,1vs4,2,rightB,rightB,cookieright1,1409768848789,1409768877660
9.3.14.3,warmUp,1vs2,3,rightB,leftB,cookieleft2,1409768886033,1409768903249
9.3.14.3,warmUp,2vs3,4,rightB,leftB,cookieleft2,1409768913080,1409768918565
9.3.14.3,warmUp,2vs3,5,leftB,rightB,cookieright1,1409768931544,1409768946075
9.3.14.3,warmUp,1vs3,6,leftB,leftB,cookieleft3,1409768955280,1409768961543
9.3.14.3,warmUp,1vs2,7,leftB,rightB,cookieright2,1409768969410,1409768981502
9.3.14.3,warmUp,1vs4,8,rightB,rightB,cookieright2,1409768991120,1409769003303
9.3.14.3,test,1vs3,1,leftB,rightB,rightBottom,1409769031660,1409769044955
9.3.14.3,test,1vs4,2,rightB,rightB,rightBottom,1409769055471,1409769055946
9.3.14.3,test,1vs2,3,rightB,leftB,leftBottom,1409769064218,1409769066581
9.3.14.3,test,2vs3,4,leftB,rightB,rightTop,1409769076364,1409769078275
9.3.14.3,test,2vs3,5,leftB,leftB,leftBottom,1409769091039,1409769091410
9.3.14.3,test,1vs3,6,rightB,rightB,rightBottom,1409769100380,1409769100876
9.3.14.3,test,1vs2,7,rightB,rightB,rightBottom,1409769109147,1409769109560
9.3.14.3,test,1vs4,8,leftB,leftB,leftBottom,1409769119271,1409769119568
9.3.14.3,test,2vs3,9,rightB,rightB,rightBottom,1409769134305,1409769137389
9.3.14.3,test,1vs3,10,leftB,leftB,leftBottom,1409769146197,1409769147409
9.3.14.3,test,1vs2,11,leftB,leftB,leftBottom,1409769155222,1409769155550
9.3.14.3,test,1vs4,12,rightB,rightB,rightTop,1409769165136,1409769165429
9.3.14.3,test,2vs3,13,leftB,rightB,rightBottom,1409769178581,1409769179648
9.3.14.3,test,1vs3,14,rightB,rightB,rightBottom,1409769189345,1409769189519
9.3.14.3,test,1vs2,15,leftB,leftB,rightBottom,1409769197451,1409769189519
9.3.14.3,test,1vs2,15,leftB,leftB,rightBottom,1409769197451,1409769189519
9.3.14.3,test,1vs2,15,leftB,leftB,leftBottom,1409769197451,1409769200048
9.3.14.3,test,1vs4,16,rightB,rightB,rightBottom,1409769210542,1409769211245
9.3.14.4,warmUp,1vs3,1,leftB,rightB,cookieright3,1409769345961,1409769346513
9.3.14.4,warmUp,1vs4,2,leftB,rightB,cookieright4,1409769356303,1409769357257
9.3.14.4,warmUp,1vs2,3,leftB,rightB,plateRight,1409769365292,1409769366785
9.3.14.4,warmUp,2vs3,4,leftB,leftB,plateRight,1409769377109,1409769377409
9.3.14.4,warmUp,2vs3,4,leftB,leftB,cookieright1,1409769377109,1409769378522
9.3.14.4,warmUp,2vs3,4,leftB,leftB,plateLeft,1409769377109,1409769382000
9.3.14.4,warmUp,2vs3,5,leftB,leftB,cookieright2,1409769394949,1409769411265
9.3.14.4,warmUp,2vs3,5,leftB,leftB,cookieright2,1409769394949,1409769413533
9.3.14.4,warmUp,2vs3,5,leftB,leftB,cookieleft2,1409769394949,1409769418900
9.3.14.4,warmUp,1vs2,6,leftB,leftB,plateRight,1409769427269,1409769427518
9.3.14.4,warmUp,1vs2,6,leftB,leftB,plateRight,1409769427269,1409769427985
9.3.14.4,warmUp,1vs2,6,leftB,leftB,cookieleft1,1409769427269,1409769429511
9.3.14.4,warmUp,1vs4,7,leftB,leftB,cookieleft2,1409769439169,1409769440268
9.3.14.4,warmUp,1vs3,8,rightB,leftB,plateRight,1409769450143,1409769451685
9.3.14.4,warmUp,1vs3,8,rightB,leftB,cookieright1,1409769450143,1409769452100
9.3.14.4,warmUp,1vs3,8,rightB,leftB,cookieright1,1409769450143,1409769452585
9.3.14.4,warmUp,1vs3,8,rightB,leftB,cookieright1,1409769450143,1409769453236
9.3.14.4,warmUp,1vs3,8,rightB,leftB,cookieright1,1409769450143,1409769453572
9.3.14.4,warmUp,1vs3,8,rightB,leftB,cookieright1,1409769450143,1409769454024
9.3.14.4,warmUp,1vs3,8,rightB,leftB,cookieright1,1409769450143,1409769454259
9.3.14.4,warmUp,1vs3,8,rightB,leftB,cookieright1,1409769450143,1409769454759
9.3.14.4,warmUp,1vs3,8,rightB,leftB,cookieright1,1409769450143,1409769454883
9.3.14.4,warmUp,1vs3,8,rightB,leftB,cookieright1,1409769450143,1409769455318
9.3.14.4,warmUp,1vs3,8,rightB,leftB,cookieleft1,1409769450143,1409769456659
9.3.14.4,test,1vs3,1,rightB,leftB,cookieleft1,1409769481851,1409769456659
9.3.14.4,test,1vs3,1,rightB,leftB,leftBottom,1409769481851,1409769487707
9.3.14.4,test,1vs4,2,rightB,leftB,leftBottom,1409769500300,1409769487707
9.3.14.4,test,1vs4,2,rightB,leftB,leftBottom,1409769500300,1409769487707
9.3.14.4,test,1vs4,2,rightB,leftB,leftBottom,1409769500300,1409769514653
9.3.14.4,test,1vs2,3,leftB,leftB,leftBottom,1409769523096,1409769514653
9.3.14.4,test,1vs2,3,leftB,leftB,leftBottom,1409769523096,1409769514653
9.3.14.4,test,1vs2,3,leftB,leftB,leftBottom,1409769523096,1409769514653
9.3.14.4,test,1vs2,3,leftB,leftB,leftBottom,1409769523096,1409769514653
9.3.14.4,test,1vs2,3,leftB,leftB,leftBottom,1409769523096,1409769514653
9.3.14.4,test,1vs2,3,leftB,leftB,leftBottom,1409769523096,1409769514653
9.3.14.4,test,1vs2,3,leftB,leftB,leftBottom,1409769523096,1409769528075
9.3.14.4,test,2vs3,4,rightB,rightB,rightBottom,1409769538231,1409769538502
9.3.14.4,test,2vs3,5,leftB,rightB,rightBottom,1409769552031,1409769554773
9.3.14.4,test,1vs2,6,leftB,rightB,rightBottom,1409769562699,1409769563312
9.3.14.4,test,1vs4,7,rightB,leftB,leftBottom,1409769573318,1409769581212
9.3.14.4,test,1vs3,8,rightB,leftB,leftBottom,1409769590215,1409769601198
9.3.14.4,test,2vs3,9,leftB,leftB,leftBottom,1409769614765,1409769601198
9.3.14.4,test,2vs3,9,leftB,leftB,leftBottom,1409769614765,1409769616972
9.3.14.4,test,1vs2,10,leftB,rightB,rightTop,1409769626145,1409769631560
9.3.14.4,test,1vs4,11,rightB,leftB,rightTop,1409769641416,1409769631560
9.3.14.4,test,1vs4,11,rightB,leftB,rightTop,1409769641416,1409769631560
9.3.14.4,test,1vs4,11,rightB,leftB,rightTop,1409769641416,1409769631560
9.3.14.4,test,1vs4,11,rightB,leftB,rightTop,1409769641416,1409769631560
9.3.14.4,test,1vs4,11,rightB,leftB,rightTop,1409769641416,1409769631560
9.3.14.4,test,1vs4,11,rightB,leftB,rightTop,1409769641416,1409769631560
9.3.14.4,test,1vs4,11,rightB,leftB,rightTop,1409769641416,1409769631560
9.3.14.4,test,1vs4,11,rightB,leftB,rightTop,1409769641416,1409769631560
9.3.14.4,test,1vs4,11,rightB,leftB,rightTop,1409769641416,1409769631560
9.3.14.4,test,1vs4,11,rightB,leftB,rightTop,1409769641416,1409769631560
9.3.14.4,test,1vs4,11,rightB,leftB,rightTop,1409769641416,1409769631560
9.3.14.4,test,1vs4,11,rightB,leftB,rightTop,1409769641416,1409769631560
9.3.14.4,test,1vs4,11,rightB,leftB,rightTop,1409769641416,1409769631560
9.3.14.4,test,1vs4,11,rightB,leftB,rightTop,1409769641416,1409769631560
9.3.14.4,test,1vs4,11,rightB,leftB,rightTop,1409769641416,1409769631560
9.3.14.4,test,1vs4,11,rightB,leftB,rightTop,1409769641416,1409769631560
9.3.14.4,test,1vs4,11,rightB,leftB,rightTop,1409769641416,1409769631560
9.3.14.4,test,1vs4,11,rightB,leftB,rightTop,1409769641416,1409769631560
9.3.14.4,test,1vs4,11,rightB,leftB,rightTop,1409769641416,1409769631560
9.3.14.4,test,1vs4,11,rightB,leftB,rightTop,1409769641416,1409769631560
9.3.14.4,test,1vs4,11,rightB,leftB,rightTop,1409769641416,1409769631560
9.3.14.4,test,1vs4,11,rightB,leftB,leftBottom,1409769641416,1409769662122
9.3.14.4,test,1vs3,12,rightB,leftB,leftBottom,1409769671931,1409769683631
9.3.14.4,test,2vs3,13,rightB,leftB,leftBottom,1409769698579,1409769683631
9.3.14.4,test,2vs3,13,rightB,leftB,leftBottom,1409769698579,1409769683631
9.3.14.4,test,2vs3,13,rightB,leftB,leftBottom,1409769698579,1409769683631
9.3.14.4,test,2vs3,13,rightB,leftB,leftBottom,1409769698579,1409769683631
9.3.14.4,test,2vs3,13,rightB,leftB,leftBottom,1409769698579,1409769683631
9.3.14.4,test,2vs3,13,rightB,leftB,leftBottom,1409769698579,1409769683631
9.3.14.4,test,2vs3,13,rightB,leftB,leftBottom,1409769698579,1409769683631
9.3.14.4,test,2vs3,13,rightB,leftB,leftBottom,1409769698579,1409769683631
9.3.14.4,test,2vs3,13,rightB,leftB,leftBottom,1409769698579,1409769683631
9.3.14.4,test,2vs3,13,rightB,leftB,leftBottom,1409769698579,1409769683631
9.3.14.4,test,2vs3,13,rightB,leftB,leftBottom,1409769698579,1409769683631
9.3.14.4,test,2vs3,13,rightB,leftB,leftBottom,1409769698579,1409769683631
9.3.14.4,test,2vs3,13,rightB,leftB,leftBottom,1409769698579,1409769683631
9.3.14.4,test,2vs3,13,rightB,leftB,leftBottom,1409769698579,1409769683631
9.3.14.4,test,2vs3,13,rightB,leftB,leftBottom,1409769698579,1409769683631
9.3.14.4,test,2vs3,13,rightB,leftB,leftBottom,1409769698579,1409769683631
9.3.14.4,test,2vs3,13,rightB,leftB,leftBottom,1409769698579,1409769683631
9.3.14.4,test,2vs3,13,rightB,leftB,leftBottom,1409769698579,1409769683631
9.3.14.4,test,2vs3,13,rightB,leftB,leftBottom,1409769698579,1409769683631
9.3.14.4,test,2vs3,13,rightB,leftB,leftBottom,1409769698579,1409769683631
9.3.14.4,test,2vs3,13,rightB,leftB,leftBottom,1409769698579,1409769683631
9.3.14.4,test,2vs3,13,rightB,leftB,leftBottom,1409769698579,1409769683631
9.3.14.4,test,2vs3,13,rightB,leftB,leftBottom,1409769698579,1409769683631
9.3.14.4,test,2vs3,13,rightB,leftB,leftBottom,1409769698579,1409769683631
9.3.14.4,test,2vs3,13,rightB,leftB,leftBottom,1409769698579,1409769683631
9.3.14.4,test,2vs3,13,rightB,leftB,leftBottom,1409769698579,1409769683631
9.3.14.4,test,2vs3,13,rightB,leftB,leftBottom,1409769698579,1409769683631
9.3.14.4,test,2vs3,13,rightB,leftB,leftBottom,1409769698579,1409769683631
9.3.14.4,test,2vs3,13,rightB,leftB,leftBottom,1409769698579,1409769683631
9.3.14.4,test,2vs3,13,rightB,leftB,leftBottom,1409769698579,1409769683631
9.3.14.4,test,2vs3,13,rightB,leftB,leftBottom,1409769698579,1409769683631
9.3.14.4,test,2vs3,13,rightB,leftB,leftBottom,1409769698579,1409769683631
9.3.14.4,test,2vs3,13,rightB,leftB,leftBottom,1409769698579,1409769683631
9.3.14.4,test,2vs3,13,rightB,leftB,leftBottom,1409769698579,1409769683631
9.3.14.4,test,2vs3,13,rightB,leftB,leftBottom,1409769698579,1409769683631
9.3.14.4,test,2vs3,13,rightB,leftB,leftBottom,1409769698579,1409769683631
9.3.14.4,test,2vs3,13,rightB,leftB,leftBottom,1409769698579,1409769683631
9.3.14.4,test,2vs3,13,rightB,leftB,leftBottom,1409769698579,1409769683631
9.3.14.4,test,2vs3,13,rightB,leftB,leftBottom,1409769698579,1409769683631
9.3.14.4,test,2vs3,13,rightB,leftB,leftBottom,1409769698579,1409769683631
9.3.14.4,test,2vs3,13,rightB,leftB,leftBottom,1409769698579,1409769683631
9.3.14.4,test,2vs3,13,rightB,leftB,leftBottom,1409769698579,1409769683631
9.3.14.4,test,2vs3,13,rightB,leftB,leftBottom,1409769698579,1409769683631
9.3.14.4,test,2vs3,13,rightB,leftB,leftBottom,1409769698579,1409769683631
9.3.14.4,test,2vs3,13,rightB,leftB,leftBottom,1409769698579,1409769683631
9.3.14.4,test,2vs3,13,rightB,leftB,leftBottom,1409769698579,1409769683631
9.3.14.4,test,2vs3,13,rightB,leftB,leftBottom,1409769698579,1409769683631
9.3.14.4,test,2vs3,13,rightB,leftB,leftBottom,1409769698579,1409769683631
9.3.14.4,test,2vs3,13,rightB,leftB,leftBottom,1409769698579,1409769683631
9.3.14.4,test,2vs3,13,rightB,leftB,leftBottom,1409769698579,1409769683631
9.3.14.4,test,2vs3,13,rightB,leftB,leftBottom,1409769698579,1409769683631
9.3.14.4,test,2vs3,13,rightB,leftB,leftBottom,1409769698579,1409769683631
9.3.14.4,test,2vs3,13,rightB,leftB,leftBottom,1409769698579,1409769683631
9.3.14.4,test,2vs3,13,rightB,leftB,leftBottom,1409769698579,1409769683631
9.3.14.4,test,2vs3,13,rightB,leftB,leftBottom,1409769698579,1409769683631
9.3.14.4,test,2vs3,13,rightB,leftB,leftBottom,1409769698579,1409769683631
9.3.14.4,test,2vs3,13,rightB,leftB,leftBottom,1409769698579,1409769683631
9.3.14.4,test,2vs3,13,rightB,leftB,leftBottom,1409769698579,1409769683631
9.3.14.4,test,2vs3,13,rightB,leftB,leftBottom,1409769698579,1409769683631
9.3.14.4,test,2vs3,13,rightB,leftB,leftBottom,1409769698579,1409769683631
9.3.14.4,test,2vs3,13,rightB,leftB,leftBottom,1409769698579,1409769683631
9.3.14.4,test,2vs3,13,rightB,leftB,leftBottom,1409769698579,1409769683631
9.3.14.4,test,2vs3,13,rightB,leftB,leftBottom,1409769698579,1409769683631
9.3.14.4,test,2vs3,13,rightB,leftB,leftBottom,1409769698579,1409769683631
9.3.14.4,test,2vs3,13,rightB,leftB,leftBottom,1409769698579,1409769683631
9.3.14.4,test,2vs3,13,rightB,leftB,leftBottom,1409769698579,1409769683631
9.3.14.4,test,2vs3,13,rightB,leftB,leftBottom,1409769698579,1409769683631
9.3.14.4,test,2vs3,13,rightB,leftB,leftBottom,1409769698579,1409769683631
9.3.14.4,test,2vs3,13,rightB,leftB,leftBottom,1409769698579,1409769683631
9.3.14.4,test,2vs3,13,rightB,leftB,leftBottom,1409769698579,1409769683631
9.3.14.4,test,2vs3,13,rightB,leftB,leftBottom,1409769698579,1409769683631
9.3.14.4,test,2vs3,13,rightB,leftB,leftBottom,1409769698579,1409769683631
9.3.14.4,test,2vs3,13,rightB,leftB,leftBottom,1409769698579,1409769683631
9.3.14.4,test,2vs3,13,rightB,leftB,leftBottom,1409769698579,1409769683631
9.3.14.4,test,2vs3,13,rightB,leftB,leftBottom,1409769698579,1409769683631
9.3.14.4,test,2vs3,13,rightB,leftB,leftBottom,1409769698579,1409769683631
9.3.14.4,test,2vs3,13,rightB,leftB,leftBottom,1409769698579,1409769683631
9.3.14.4,test,2vs3,13,rightB,leftB,leftBottom,1409769698579,1409769683631
9.3.14.4,test,2vs3,13,rightB,leftB,leftBottom,1409769698579,1409769683631
9.3.14.4,test,2vs3,13,rightB,leftB,leftBottom,1409769698579,1409769683631
9.3.14.4,test,2vs3,13,rightB,leftB,leftBottom,1409769698579,1409769683631
9.3.14.4,test,2vs3,13,rightB,leftB,leftBottom,1409769698579,1409769683631
9.3.14.4,test,2vs3,13,rightB,leftB,leftBottom,1409769698579,1409769771951
9.3.14.4,test,1vs2,14,leftB,leftB,leftBottom,1409769780842,1409769771951
9.3.14.4,test,1vs2,14,leftB,leftB,leftBottom,1409769780842,1409769771951
9.3.14.4,test,1vs2,14,leftB,leftB,leftBottom,1409769780842,1409769771951
9.3.14.4,test,1vs2,14,leftB,leftB,leftTop,1409769780842,1409769788712
9.3.14.4,test,1vs4,15,leftB,rightB,rightBottom,1409769798253,1409769798331
9.3.14.4,test,1vs3,16,leftB,leftB,rightBottom,1409769807529,1409769798331
9.3.14.4,test,1vs3,16,leftB,leftB,leftBottom,1409769807529,1409769822277
9.3.14.5,warmUp,1vs3,1,rightB,rightB,plateRight,1409773786789,1409773798819
9.3.14.5,warmUp,1vs4,2,leftB,leftB,cookieleft2,1409773811330,1409773820608
9.3.14.5,warmUp,1vs2,3,leftB,leftB,cookieleft1,1409773830834,1409773831523
9.3.14.5,warmUp,2vs3,4,rightB,rightB,cookieleft2,1409773842721,1409773842970
9.3.14.5,warmUp,2vs3,4,rightB,rightB,cookieright2,1409773842721,1409773844168
9.3.14.5,warmUp,1vs4,5,rightB,rightB,plateLeft,1409773856293,1409773876534
9.3.14.5,warmUp,1vs4,5,rightB,rightB,plateRight,1409773856293,1409773876861
9.3.14.5,warmUp,1vs3,6,rightB,rightB,plateLeft,1409773888878,1409773891092
9.3.14.5,warmUp,1vs3,6,rightB,rightB,plateLeft,1409773888878,1409773891535
9.3.14.5,warmUp,1vs3,6,rightB,rightB,plateLeft,1409773888878,1409773892445
9.3.14.5,warmUp,1vs3,6,rightB,rightB,plateLeft,1409773888878,1409773892528
9.3.14.5,warmUp,1vs3,6,rightB,rightB,cookieleft1,1409773888878,1409773894155
9.3.14.5,warmUp,1vs3,6,rightB,rightB,cookieleft1,1409773888878,1409773894446
9.3.14.5,warmUp,1vs3,6,rightB,rightB,plateLeft,1409773888878,1409773894811
9.3.14.5,warmUp,1vs3,6,rightB,rightB,cookieright3,1409773888878,1409773901985
9.3.14.5,warmUp,1vs2,7,leftB,leftB,cookieleft2,1409773914913,1409773915371
9.3.14.5,warmUp,2vs3,8,leftB,leftB,cookieleft3,1409773925678,1409773926042
9.3.14.5,test,1vs3,1,leftB,rightB,rightTop,1409773963179,1409773973064
9.3.14.5,test,1vs4,2,leftB,leftB,leftBottom,1409773985228,1409773991704
9.3.14.5,test,1vs2,3,rightB,leftB,leftBottom,1409774003105,1409773991704
9.3.14.5,test,1vs2,3,rightB,leftB,leftBottom,1409774003105,1409773991704
9.3.14.5,test,1vs2,3,rightB,leftB,leftBottom,1409774003105,1409773991704
9.3.14.5,test,1vs2,3,rightB,leftB,leftBottom,1409774003105,1409773991704
9.3.14.5,test,1vs2,3,rightB,leftB,leftBottom,1409774003105,1409774092333
9.3.14.6,warmUp,1vs3,1,rightB,rightB,cookieright2,1409774862091,1409774865662
9.3.14.6,warmUp,1vs4,2,rightB,rightB,cookieright3,1409774875393,1409774876836
9.3.14.6,warmUp,1vs2,3,rightB,leftB,cookieright1,1409774885115,1409774887281
9.3.14.6,warmUp,1vs2,3,rightB,leftB,cookieright1,1409774885115,1409774887797
9.3.14.6,warmUp,1vs2,3,rightB,leftB,cookieleft1,1409774885115,1409774888760
9.3.14.6,warmUp,2vs3,4,rightB,leftB,cookieleft3,1409774898415,1409774901010
9.3.14.6,warmUp,1vs3,5,rightB,rightB,cookieright2,1409774913627,1409774927553
9.3.14.6,warmUp,1vs2,6,leftB,leftB,cookieleft2,1409774936142,1409774942499
9.3.14.6,warmUp,1vs4,7,rightB,leftB,cookieleft3,1409774961247,1409774964253
9.3.14.6,warmUp,2vs3,8,leftB,leftB,cookieleft2,1409774980040,1409774983672
9.3.14.6,test,1vs3,1,leftB,rightB,rightBottom,1409775009534,1409775010009
9.3.14.6,test,1vs4,2,leftB,leftB,rightBottom,1409775020570,1409775010009
9.3.14.6,test,1vs4,2,leftB,leftB,rightBottom,1409775020570,1409775010009
9.3.14.6,test,1vs4,2,leftB,leftB,leftBottom,1409775020570,1409775024508
9.3.14.6,test,1vs2,3,leftB,leftB,leftTop,1409775037494,1409775042985
9.3.14.7,warmUp,1vs3,1,rightB,leftB,cookieleft1,1409777885136,1409777893622
9.3.14.7,warmUp,1vs4,2,rightB,leftB,plateRight,1409777903823,1409777911085
9.3.14.7,warmUp,1vs4,2,rightB,leftB,plateRight,1409777903823,1409777911507
9.3.14.7,warmUp,1vs4,2,rightB,leftB,plateRight,1409777903823,1409777913138
9.3.14.7,warmUp,1vs4,2,rightB,leftB,plateRight,1409777903823,1409777913595
9.3.14.7,warmUp,1vs4,2,rightB,leftB,cookieleft2,1409777903823,1409777919617
9.3.14.7,warmUp,1vs2,3,rightB,rightB,cookieleft1,1409777928999,1409777939495
9.3.14.7,warmUp,1vs2,3,rightB,rightB,cookieleft1,1409777928999,1409777939742
9.3.14.7,warmUp,1vs2,3,rightB,rightB,cookieleft1,1409777928999,1409777940287
9.3.14.7,warmUp,1vs2,3,rightB,rightB,cookieleft1,1409777928999,1409777945866
9.3.14.7,warmUp,1vs2,3,rightB,rightB,cookieright1,1409777928999,1409777956722
9.3.14.7,warmUp,2vs3,4,rightB,leftB,plateRight,1409777966981,1409777977738
9.3.14.7,warmUp,2vs3,4,rightB,leftB,cookieright1,1409777966981,1409777978657
9.3.14.7,warmUp,2vs3,4,rightB,leftB,cookieright1,1409777966981,1409777979257
9.3.14.7,warmUp,2vs3,4,rightB,leftB,cookieright2,1409777966981,1409777979632
9.3.14.7,warmUp,2vs3,4,rightB,leftB,cookieright2,1409777966981,1409777980193
9.3.14.7,warmUp,2vs3,4,rightB,leftB,cookieright2,1409777966981,1409777980512
9.3.14.7,warmUp,2vs3,4,rightB,leftB,cookieright2,1409777966981,1409777981026
9.3.14.7,warmUp,2vs3,4,rightB,leftB,plateLeft,1409777966981,1409777981904
9.3.14.7,warmUp,2vs3,5,leftB,leftB,cookieright2,1409777999956,1409778001235
9.3.14.7,warmUp,2vs3,5,leftB,leftB,cookieright1,1409777999956,1409778001530
9.3.14.7,warmUp,2vs3,5,leftB,leftB,cookieright1,1409777999956,1409778002010
9.3.14.7,warmUp,2vs3,5,leftB,leftB,cookieright1,1409777999956,1409778002593
9.3.14.7,warmUp,2vs3,5,leftB,leftB,plateLeft,1409777999956,1409778003386
9.3.14.7,warmUp,1vs4,6,leftB,rightB,cookieright1,1409778013449,1409778017740
9.3.14.7,warmUp,1vs2,7,rightB,leftB,plateRight,1409778026724,1409778029425
9.3.14.7,warmUp,1vs2,7,rightB,leftB,cookieleft1,1409778026724,1409778031096
9.3.14.7,warmUp,1vs3,8,leftB,leftB,cookieright1,1409778040399,1409778041125
9.3.14.7,warmUp,1vs3,8,leftB,leftB,cookieleft1,1409778040399,1409778042653
9.3.14.7,test,1vs3,1,rightB,leftB,cookieleft1,1409778065965,1409778042653
9.3.14.7,test,1vs3,1,rightB,leftB,cookieleft1,1409778065965,1409778042653
9.3.14.7,test,1vs3,1,rightB,leftB,cookieleft1,1409778065965,1409778042653
9.3.14.7,test,1vs3,1,rightB,leftB,cookieleft1,1409778065965,1409778042653
9.3.14.7,test,1vs3,1,rightB,leftB,cookieleft1,1409778065965,1409778042653
9.3.14.7,test,1vs3,1,rightB,leftB,cookieleft1,1409778065965,1409778042653
9.3.14.7,test,1vs3,1,rightB,leftB,leftBottom,1409778065965,1409778082649
9.3.14.7,test,1vs4,2,leftB,rightB,rightBottom,1409778093020,1409778099042
9.3.14.7,test,1vs2,3,rightB,rightB,rightTop,1409778107017,1409778108960
9.3.14.7,test,2vs3,4,leftB,rightB,rightBottom,1409778118681,1409778120296
9.3.14.7,test,2vs3,5,rightB,leftB,rightBottom,1409778132970,1409778120296
9.3.14.7,test,2vs3,5,rightB,leftB,leftBottom,1409778132970,1409778136699
9.3.14.7,test,1vs4,6,rightB,rightB,rightBottom,1409778146664,1409778154111
9.3.14.7,test,1vs2,7,leftB,rightB,rightTop,1409778162722,1409778163473
9.3.14.7,test,1vs3,8,leftB,rightB,rightBottom,1409778172180,1409778173103
9.3.14.7,test,2vs3,9,rightB,leftB,rightBottom,1409778190812,1409778173103
9.3.14.7,test,2vs3,9,rightB,leftB,rightBottom,1409778190812,1409778173103
9.3.14.7,test,2vs3,9,rightB,leftB,leftBottom,1409778190812,1409778192496
9.3.14.7,test,1vs4,10,rightB,rightB,rightTop,1409778205691,1409778212846
9.3.14.7,test,1vs2,11,rightB,rightB,rightBottom,1409778220827,1409778250283
9.3.14.7,test,1vs3,12,rightB,leftB,rightBottom,1409778260821,1409778250283
9.3.14.7,test,1vs3,12,rightB,leftB,rightBottom,1409778260821,1409778250283
9.3.14.7,test,1vs3,12,rightB,leftB,rightBottom,1409778260821,1409778250283
9.3.14.7,test,1vs3,12,rightB,leftB,rightBottom,1409778260821,1409778250283
9.3.14.7,test,1vs3,12,rightB,leftB,rightBottom,1409778260821,1409778250283
9.3.14.7,test,1vs3,12,rightB,leftB,rightBottom,1409778260821,1409778250283
9.3.14.7,test,1vs3,12,rightB,leftB,rightBottom,1409778260821,1409778250283
9.3.14.7,test,1vs3,12,rightB,leftB,rightBottom,1409778260821,1409778250283
9.3.14.7,test,1vs3,12,rightB,leftB,rightBottom,1409778260821,1409778250283
9.3.14.7,test,1vs3,12,rightB,leftB,rightBottom,1409778260821,1409778250283
9.3.14.7,test,1vs3,12,rightB,leftB,rightBottom,1409778260821,1409778250283
9.3.14.7,test,1vs3,12,rightB,leftB,rightBottom,1409778260821,1409778250283
9.3.14.7,test,1vs3,12,rightB,leftB,rightBottom,1409778260821,1409778250283
9.3.14.7,test,1vs3,12,rightB,leftB,rightBottom,1409778260821,1409778250283
9.3.14.7,test,1vs3,12,rightB,leftB,rightBottom,1409778260821,1409778250283
9.3.14.7,test,1vs3,12,rightB,leftB,rightBottom,1409778260821,1409778250283
9.3.14.7,test,1vs3,12,rightB,leftB,rightBottom,1409778260821,1409778250283
9.3.14.7,test,1vs3,12,rightB,leftB,rightBottom,1409778260821,1409778250283
9.3.14.7,test,1vs3,12,rightB,leftB,rightBottom,1409778260821,1409778250283
9.3.14.7,test,1vs3,12,rightB,leftB,rightBottom,1409778260821,1409778250283
9.3.14.7,test,1vs3,12,rightB,leftB,rightBottom,1409778260821,1409778250283
9.3.14.7,test,1vs3,12,rightB,leftB,rightBottom,1409778260821,1409778250283
9.3.14.7,test,1vs3,12,rightB,leftB,rightBottom,1409778260821,1409778250283
9.3.14.7,test,1vs3,12,rightB,leftB,rightBottom,1409778260821,1409778250283
9.3.14.7,test,1vs3,12,rightB,leftB,rightBottom,1409778260821,1409778250283
9.3.14.7,test,1vs3,12,rightB,leftB,rightBottom,1409778260821,1409778250283
9.3.14.7,test,1vs3,12,rightB,leftB,rightBottom,1409778260821,1409778250283
9.3.14.7,test,1vs3,12,rightB,leftB,rightBottom,1409778260821,1409778250283
9.3.14.7,test,1vs3,12,rightB,leftB,rightBottom,1409778260821,1409778250283
9.3.14.7,test,1vs3,12,rightB,leftB,rightBottom,1409778260821,1409778250283
9.3.14.7,test,1vs3,12,rightB,leftB,rightBottom,1409778260821,1409778250283
9.3.14.7,test,1vs3,12,rightB,leftB,rightBottom,1409778260821,1409778250283
9.3.14.7,test,1vs3,12,rightB,leftB,rightBottom,1409778260821,1409778250283
9.3.14.7,test,1vs3,12,rightB,leftB,rightBottom,1409778260821,1409778250283
9.3.14.7,test,1vs3,12,rightB,leftB,rightBottom,1409778260821,1409778250283
9.3.14.7,test,1vs3,12,rightB,leftB,rightBottom,1409778260821,1409778250283
9.3.14.7,test,1vs3,12,rightB,leftB,rightBottom,1409778260821,1409778250283
9.3.14.7,test,1vs3,12,rightB,leftB,rightBottom,1409778260821,1409778250283
9.3.14.7,test,1vs3,12,rightB,leftB,rightBottom,1409778260821,1409778250283
9.3.14.7,test,1vs3,12,rightB,leftB,rightBottom,1409778260821,1409778250283
9.3.14.7,test,1vs3,12,rightB,leftB,rightBottom,1409778260821,1409778250283
9.3.14.7,test,1vs3,12,rightB,leftB,rightBottom,1409778260821,1409778250283
9.3.14.7,test,1vs3,12,rightB,leftB,rightBottom,1409778260821,1409778250283
9.3.14.7,test,1vs3,12,rightB,leftB,rightBottom,1409778260821,1409778250283
9.3.14.7,test,1vs3,12,rightB,leftB,rightBottom,1409778260821,1409778250283
9.3.14.7,test,1vs3,12,rightB,leftB,rightBottom,1409778260821,1409778250283
9.3.14.7,test,1vs3,12,rightB,leftB,rightBottom,1409778260821,1409778250283
9.3.14.7,test,1vs3,12,rightB,leftB,rightBottom,1409778260821,1409778250283
9.3.14.7,test,1vs3,12,rightB,leftB,rightBottom,1409778260821,1409778250283
9.3.14.7,test,1vs3,12,rightB,leftB,rightBottom,1409778260821,1409778250283
9.3.14.7,test,1vs3,12,rightB,leftB,rightBottom,1409778260821,1409778250283
9.3.14.7,test,1vs3,12,rightB,leftB,rightBottom,1409778260821,1409778250283
9.3.14.7,test,1vs3,12,rightB,leftB,rightBottom,1409778260821,1409778250283
9.3.14.7,test,1vs3,12,rightB,leftB,rightBottom,1409778260821,1409778250283
9.3.14.7,test,1vs3,12,rightB,leftB,rightBottom,1409778260821,1409778250283
9.3.14.7,test,1vs3,12,rightB,leftB,rightBottom,1409778260821,1409778250283
9.3.14.7,test,1vs3,12,rightB,leftB,leftBottom,1409778260821,1409778282187
9.3.14.7,test,2vs3,13,leftB,leftB,leftBottom,1409778297151,1409778282187
9.3.14.7,test,2vs3,13,leftB,leftB,leftBottom,1409778297151,1409778282187
9.3.14.7,test,2vs3,13,leftB,leftB,leftBottom,1409778297151,1409778282187
9.3.14.7,test,2vs3,13,leftB,leftB,leftBottom,1409778297151,1409778282187
9.3.14.7,test,2vs3,13,leftB,leftB,leftBottom,1409778297151,1409778282187
9.3.14.7,test,2vs3,13,leftB,leftB,leftBottom,1409778297151,1409778282187
9.3.14.7,test,2vs3,13,leftB,leftB,leftBottom,1409778297151,1409778282187
9.3.14.7,test,2vs3,13,leftB,leftB,leftBottom,1409778297151,1409778282187
9.3.14.7,test,2vs3,13,leftB,leftB,leftBottom,1409778297151,1409778282187
9.3.14.7,test,2vs3,13,leftB,leftB,leftBottom,1409778297151,1409778282187
9.3.14.7,test,2vs3,13,leftB,leftB,leftBottom,1409778297151,1409778282187
9.3.14.7,test,2vs3,13,leftB,leftB,leftBottom,1409778297151,1409778282187
9.3.14.7,test,2vs3,13,leftB,leftB,leftBottom,1409778297151,1409778282187
9.3.14.7,test,2vs3,13,leftB,leftB,leftBottom,1409778297151,1409778282187
9.3.14.7,test,2vs3,13,leftB,leftB,leftBottom,1409778297151,1409778282187
9.3.14.7,test,2vs3,13,leftB,leftB,leftBottom,1409778297151,1409778282187
9.3.14.7,test,2vs3,13,leftB,leftB,leftBottom,1409778297151,1409778282187
9.3.14.7,test,2vs3,13,leftB,leftB,leftBottom,1409778297151,1409778282187
9.3.14.7,test,2vs3,13,leftB,leftB,leftBottom,1409778297151,1409778282187
9.3.14.7,test,2vs3,13,leftB,leftB,leftBottom,1409778297151,1409778282187
9.3.14.7,test,2vs3,13,leftB,leftB,leftBottom,1409778297151,1409778282187
9.3.14.7,test,2vs3,13,leftB,leftB,leftBottom,1409778297151,1409778282187
9.3.14.7,test,2vs3,13,leftB,leftB,leftBottom,1409778297151,1409778282187
9.3.14.7,test,2vs3,13,leftB,leftB,leftBottom,1409778297151,1409778282187
9.3.14.7,test,2vs3,13,leftB,leftB,leftBottom,1409778297151,1409778282187
9.3.14.7,test,2vs3,13,leftB,leftB,leftBottom,1409778297151,1409778282187
9.3.14.7,test,2vs3,13,leftB,leftB,leftBottom,1409778297151,1409778282187
9.3.14.7,test,2vs3,13,leftB,leftB,leftBottom,1409778297151,1409778282187
9.3.14.7,test,2vs3,13,leftB,leftB,leftBottom,1409778297151,1409778282187
9.3.14.7,test,2vs3,13,leftB,leftB,leftBottom,1409778297151,1409778282187
9.3.14.7,test,2vs3,13,leftB,leftB,leftBottom,1409778297151,1409778282187
9.3.14.7,test,2vs3,13,leftB,leftB,leftBottom,1409778297151,1409778282187
9.3.14.8b,warmUp,1vs3,1,rightB,leftB,plateRight,1409779032791,1409779034163
9.3.14.8b,warmUp,1vs3,1,rightB,leftB,cookieright1,1409779032791,1409779034474
9.3.14.8b,warmUp,1vs3,1,rightB,leftB,plateRight,1409779032791,1409779034842
9.3.14.8b,warmUp,1vs3,1,rightB,leftB,cookieright1,1409779032791,1409779034910
9.3.14.8b,warmUp,1vs3,1,rightB,leftB,plateRight,1409779032791,1409779035784
9.3.14.8b,warmUp,1vs3,1,rightB,leftB,cookieright1,1409779032791,1409779041147
9.3.14.8b,warmUp,1vs3,1,rightB,leftB,plateRight,1409779032791,1409779041393
9.3.14.8b,warmUp,1vs3,1,rightB,leftB,plateRight,1409779032791,1409779041426
9.3.14.8b,warmUp,1vs3,1,rightB,leftB,plateRight,1409779032791,1409779041444
9.3.14.8b,warmUp,1vs3,1,rightB,leftB,cookieright1,1409779032791,1409779041762
9.3.14.8b,warmUp,1vs3,1,rightB,leftB,cookieright1,1409779032791,1409779042097
9.3.14.8b,warmUp,1vs3,1,rightB,leftB,plateRight,1409779032791,1409779042448
9.3.14.8b,warmUp,1vs3,1,rightB,leftB,plateRight,1409779032791,1409779046965
9.3.14.8b,warmUp,1vs3,1,rightB,leftB,plateRight,1409779032791,1409779047213
9.3.14.8b,warmUp,1vs3,1,rightB,leftB,cookieright1,1409779032791,1409779047549
9.3.14.8b,warmUp,1vs3,1,rightB,leftB,plateRight,1409779032791,1409779048188
9.3.14.8b,warmUp,1vs3,1,rightB,leftB,plateRight,1409779032791,1409779048264
9.3.14.8b,warmUp,1vs3,1,rightB,leftB,plateRight,1409779032791,1409779048525
9.3.14.8b,warmUp,1vs3,1,rightB,leftB,plateRight,1409779032791,1409779048827
9.3.14.8b,warmUp,1vs3,1,rightB,leftB,plateRight,1409779032791,1409779048891
9.3.14.8b,warmUp,1vs3,1,rightB,leftB,plateRight,1409779032791,1409779049148
9.3.14.8b,warmUp,1vs3,1,rightB,leftB,plateRight,1409779032791,1409779049511
9.3.14.8b,warmUp,1vs3,1,rightB,leftB,cookieright1,1409779032791,1409779049500
9.3.14.8b,warmUp,1vs3,1,rightB,leftB,plateRight,1409779032791,1409779049772
9.3.14.8b,warmUp,1vs3,1,rightB,leftB,plateRight,1409779032791,1409779050091
9.3.14.8b,warmUp,1vs3,1,rightB,leftB,plateRight,1409779032791,1409779050380
9.3.14.8b,warmUp,1vs3,1,rightB,leftB,plateRight,1409779032791,1409779050666
9.3.14.8b,warmUp,1vs3,1,rightB,leftB,cookieleft2,1409779032791,1409779052572
9.3.14.8b,warmUp,1vs4,2,rightB,rightB,cookieright2,1409779077304,1409779077823
9.3.14.8b,warmUp,1vs2,3,leftB,leftB,plateRight,1409779098302,1409779099075
9.3.14.8b,warmUp,1vs2,3,leftB,leftB,cookieright1,1409779098302,1409779099394
9.3.14.8b,warmUp,1vs2,3,leftB,leftB,cookieright1,1409779098302,1409779099730
9.3.14.8b,warmUp,1vs2,3,leftB,leftB,cookieright1,1409779098302,1409779100034
9.3.14.8b,warmUp,1vs2,3,leftB,leftB,plateRight,1409779098302,1409779101427
9.3.14.8b,warmUp,1vs2,3,leftB,leftB,plateRight,1409779098302,1409779101494
9.3.14.8b,warmUp,1vs2,3,leftB,leftB,plateRight,1409779098302,1409779101777
9.3.14.8b,warmUp,1vs2,3,leftB,leftB,plateRight,1409779098302,1409779102277
9.3.14.8b,warmUp,1vs2,3,leftB,leftB,cookieleft1,1409779098302,1409779102851
9.3.14.8b,warmUp,2vs3,4,leftB,rightB,cookieright3,1409779119979,1409779120225
9.3.14.8b,warmUp,1vs4,5,leftB,leftB,plateRight,1409779131996,1409779133761
9.3.14.8b,warmUp,1vs4,5,leftB,leftB,plateLeft,1409779131996,1409779134455
9.3.14.8b,warmUp,2vs3,6,rightB,rightB,plateRight,1409779148073,1409779149478
9.3.14.8b,warmUp,1vs3,7,rightB,rightB,cookieright1,1409779170933,1409779175289
9.3.14.8b,warmUp,1vs2,8,leftB,rightB,plateRight,1409779193263,1409779198786
9.3.14.8b,test,1vs3,1,leftB,leftB,plateRight,1409779256600,1409779198786
9.3.14.8b,test,1vs3,1,leftB,leftB,plateRight,1409779256600,1409779198786
9.3.14.8b,test,1vs3,1,leftB,leftB,plateRight,1409779256600,1409779198786
9.3.14.8b,test,1vs3,1,leftB,leftB,plateRight,1409779256600,1409779198786
9.3.14.8b,test,1vs3,1,leftB,leftB,plateRight,1409779256600,1409779198786
9.3.14.8b,test,1vs3,1,leftB,leftB,plateRight,1409779256600,1409779198786
9.3.14.8b,test,1vs3,1,leftB,leftB,plateRight,1409779256600,1409779198786
9.3.14.8b,test,1vs3,1,leftB,leftB,plateRight,1409779256600,1409779198786
9.3.14.8b,test,1vs3,1,leftB,leftB,plateRight,1409779256600,1409779198786
9.3.14.8b,test,1vs3,1,leftB,leftB,plateRight,1409779256600,1409779198786
9.3.14.8b,test,1vs3,1,leftB,leftB,plateRight,1409779256600,1409779198786
9.4.14.1,warmUp,1vs3,1,rightB,leftB,cookieleft3,1409855180316,1409855181101
9.4.14.1,warmUp,1vs4,2,leftB,rightB,plateRight,1409855191431,1409855192768
9.4.14.1,warmUp,1vs2,3,leftB,leftB,plateLeft,1409855202269,1409855202819
9.4.14.1,warmUp,2vs3,4,rightB,leftB,plateLeft,1409855213737,1409855214331
9.4.14.1,warmUp,1vs3,5,rightB,leftB,cookieleft2,1409855225440,1409855225843
9.4.14.1,warmUp,1vs4,6,rightB,leftB,cookieleft3,1409855237216,1409855237836
9.4.14.1,warmUp,1vs2,7,rightB,rightB,cookieright2,1409855248873,1409855249539
9.4.14.1,warmUp,2vs3,8,rightB,rightB,plateRight,1409855259496,1409855260498
9.4.14.1,test,1vs3,1,leftB,rightB,plateRight,1409855283992,1409855260498
9.4.14.1,test,1vs3,1,leftB,rightB,plateRight,1409855283992,1409855260498
9.4.14.1,test,1vs3,1,leftB,rightB,plateRight,1409855283992,1409855260498
9.4.14.1,test,1vs3,1,leftB,rightB,plateRight,1409855283992,1409855260498
9.4.14.1,test,1vs3,1,leftB,rightB,plateRight,1409855283992,1409855260498
9.4.14.1,test,1vs3,1,leftB,rightB,plateRight,1409855283992,1409855260498
9.4.14.1,test,1vs3,1,leftB,rightB,plateRight,1409855283992,1409855260498
9.4.14.1,test,1vs3,1,leftB,rightB,plateRight,1409855283992,1409855260498
9.4.14.1,test,1vs3,1,leftB,rightB,plateRight,1409855283992,1409855260498
9.4.14.1,test,1vs3,1,leftB,rightB,plateRight,1409855283992,1409855260498
9.4.14.1,test,1vs3,1,leftB,rightB,plateRight,1409855283992,1409855260498
9.4.14.1,test,1vs3,1,leftB,rightB,plateRight,1409855283992,1409855260498
9.4.14.1,test,1vs3,1,leftB,rightB,plateRight,1409855283992,1409855260498
9.4.14.1,test,1vs3,1,leftB,rightB,plateRight,1409855283992,1409855260498
9.4.14.1,test,1vs3,1,leftB,rightB,plateRight,1409855283992,1409855260498
9.4.14.1,test,1vs3,1,leftB,rightB,plateRight,1409855283992,1409855260498
9.4.14.1,test,1vs3,1,leftB,rightB,plateRight,1409855283992,1409855260498
9.4.14.1,test,1vs3,1,leftB,rightB,plateRight,1409855283992,1409855260498
9.4.14.1,test,1vs3,1,leftB,rightB,plateRight,1409855283992,1409855260498
9.4.14.1,test,1vs3,1,leftB,rightB,plateRight,1409855283992,1409855260498
9.4.14.1,test,1vs3,1,leftB,rightB,rightBottom,1409855283992,1409855299078
9.4.14.1,test,1vs4,2,leftB,leftB,rightBottom,1409855309866,1409855299078
9.4.14.1,test,1vs4,2,leftB,leftB,leftBottom,1409855309866,1409855310849
9.4.14.1,test,1vs2,3,rightB,leftB,leftBottom,1409855319466,1409855310849
9.4.14.1,test,1vs2,3,rightB,leftB,leftBottom,1409855319466,1409855321310
9.4.14.1,test,2vs3,4,leftB,rightB,leftBottom,1409855331731,1409855321310
9.4.14.1,test,2vs3,4,leftB,rightB,rightBottom,1409855331731,1409855336879
9.4.14.1,test,1vs3,5,rightB,rightB,rightBottom,1409855348709,1409855363587
9.4.14.1,test,1vs4,6,rightB,rightB,rightBottom,1409855374925,1409855363587
9.4.14.1,test,1vs4,6,rightB,rightB,rightBottom,1409855374925,1409855363587
9.4.14.1,test,1vs4,6,rightB,rightB,rightBottom,1409855374925,1409855363587
9.4.14.1,test,1vs4,6,rightB,rightB,rightBottom,1409855374925,1409855363587
9.4.14.1,test,1vs4,6,rightB,rightB,rightBottom,1409855374925,1409855363587
9.4.14.1,test,1vs4,6,rightB,rightB,rightBottom,1409855374925,1409855363587
9.4.14.1,test,1vs4,6,rightB,rightB,rightBottom,1409855374925,1409855378654
9.4.14.1,test,1vs2,7,leftB,leftB,rightBottom,1409855388665,1409855378654
9.4.14.1,test,1vs2,7,leftB,leftB,rightBottom,1409855388665,1409855378654
9.4.14.1,test,1vs2,7,leftB,leftB,leftTop,1409855388665,1409855390006
9.4.14.1,test,2vs3,8,rightB,rightB,rightBottom,1409855415520,1409855415709
9.4.14.1,test,1vs3,9,rightB,leftB,rightBottom,1409855434711,1409855415709
9.4.14.1,test,1vs3,9,rightB,leftB,leftBottom,1409855434711,1409855436762
9.4.14.2,warmUp,1vs3,1,leftB,rightB,plateRight,1409856280372,1409856282830
9.4.14.2,warmUp,1vs4,2,rightB,rightB,cookieright4,1409856292977,1409856293969
9.4.14.2,warmUp,1vs2,3,leftB,leftB,cookieright1,1409856301854,1409856305395
9.4.14.2,warmUp,1vs2,3,leftB,leftB,cookieleft2,1409856301854,1409856315106
9.4.14.2,warmUp,2vs3,4,rightB,rightB,cookieright1,1409856327101,1409856328154
9.4.14.2,warmUp,1vs2,5,rightB,rightB,cookieright2,1409856339006,1409856339701
9.4.14.2,warmUp,1vs4,6,leftB,leftB,cookieleft1,1409856351472,1409856352242
9.4.14.2,warmUp,2vs3,7,leftB,rightB,cookieright3,1409856364370,1409856367262
9.4.14.2,warmUp,1vs3,8,rightB,rightB,plateRight,1409856377897,1409856379012
9.4.14.2,test,1vs3,1,leftB,leftB,plateRight,1409856409180,1409856379012
9.4.14.2,test,1vs3,1,leftB,leftB,leftBottom,1409856409180,1409856465002
9.4.14.2,test,1vs4,2,leftB,rightB,rightTop,1409856477144,1409856477384
9.4.14.2,test,1vs2,3,leftB,leftB,leftTop,1409856487392,1409856501695
9.4.14.2,test,2vs3,4,leftB,leftB,leftTop,1409856514324,1409856501695
9.4.14.2,test,2vs3,4,leftB,leftB,leftBottom,1409856514324,1409856518074
9.4.14.2,test,1vs2,5,leftB,leftB,leftBottom,1409856533534,1409856539772
9.4.14.2,test,1vs4,6,rightB,rightB,rightBottom,1409856559251,1409856579351
9.4.14.2,test,2vs3,7,rightB,rightB,rightTop,1409856601314,1409856604265
9.4.14.3,warmUp,1vs3,1,leftB,rightB,cookieleft1,1409861571144,1409861571478
9.4.14.3,warmUp,1vs3,1,leftB,rightB,plateLeft,1409861571144,1409861571703
9.4.14.3,warmUp,1vs3,1,leftB,rightB,cookieright2,1409861571144,1409861573079
9.4.14.3,warmUp,1vs4,2,rightB,rightB,cookieright2,1409861585503,1409861585843
9.4.14.3,warmUp,1vs2,3,rightB,leftB,plateRight,1409861593495,1409861593608
9.4.14.3,warmUp,1vs2,3,rightB,leftB,cookieright1,1409861593495,1409861593889
9.4.14.3,warmUp,1vs2,3,rightB,leftB,cookieright1,1409861593495,1409861594002
9.4.14.3,warmUp,1vs2,3,rightB,leftB,cookieright1,1409861593495,1409861594465
9.4.14.3,warmUp,1vs2,3,rightB,leftB,cookieright1,1409861593495,1409861594897
9.4.14.3,warmUp,1vs2,3,rightB,leftB,plateRight,1409861593495,1409861595009
9.4.14.3,warmUp,1vs2,3,rightB,leftB,cookieright1,1409861593495,1409861595393
9.4.14.3,warmUp,1vs2,3,rightB,leftB,cookieright1,1409861593495,1409861595777
9.4.14.3,warmUp,1vs2,3,rightB,leftB,cookieright1,1409861593495,1409861596545
9.4.14.3,warmUp,1vs2,3,rightB,leftB,cookieleft1,1409861593495,1409861596674
9.4.14.3,warmUp,1vs2,3,rightB,leftB,cookieright1,1409861593495,1409861596064
9.4.14.3,warmUp,2vs3,4,rightB,rightB,cookieleft2,1409861607053,1409861607207
9.4.14.3,warmUp,2vs3,4,rightB,rightB,cookieleft2,1409861607053,1409861607575
9.4.14.3,warmUp,2vs3,4,rightB,rightB,plateLeft,1409861607053,1409861607958
9.4.14.3,warmUp,2vs3,4,rightB,rightB,plateLeft,1409861607053,1409861608311
9.4.14.3,warmUp,2vs3,4,rightB,rightB,cookieleft1,1409861607053,1409861608711
9.4.14.3,warmUp,2vs3,4,rightB,rightB,cookieleft2,1409861607053,1409861609062
9.4.14.3,warmUp,2vs3,4,rightB,rightB,cookieleft1,1409861607053,1409861609431
9.4.14.3,warmUp,2vs3,4,rightB,rightB,cookieright1,1409861607053,1409861609735
9.4.14.3,warmUp,1vs2,5,rightB,leftB,cookieright1,1409861620759,1409861621167
9.4.14.3,warmUp,1vs2,5,rightB,leftB,cookieright1,1409861620759,1409861620859
9.4.14.3,warmUp,1vs2,5,rightB,leftB,cookieright1,1409861620759,1409861623257
9.4.14.3,warmUp,1vs2,5,rightB,leftB,plateLeft,1409861620759,1409861624416
9.4.14.3,warmUp,1vs4,6,leftB,rightB,plateRight,1409861633850,1409861634074
9.4.14.3,warmUp,2vs3,7,rightB,rightB,cookieright3,1409861643738,1409861643978
9.4.14.3,warmUp,1vs3,8,rightB,rightB,plateRight,1409861652870,1409861653204
9.4.14.3,test,1vs3,1,leftB,leftB,leftTop,1409861677796,1409861678167
9.4.14.3,test,1vs4,2,rightB,leftB,leftTop,1409861688008,1409861678167
9.4.14.3,test,1vs4,2,rightB,leftB,leftTop,1409861688008,1409861678167
9.4.14.3,test,1vs4,2,rightB,leftB,leftTop,1409861688008,1409861678167
9.4.14.3,test,1vs4,2,rightB,leftB,leftTop,1409861688008,1409861678167
9.4.14.3,test,1vs4,2,rightB,leftB,leftTop,1409861688008,1409861678167
9.4.14.3,test,1vs4,2,rightB,leftB,leftTop,1409861688008,1409861678167
9.4.14.3,test,1vs4,2,rightB,leftB,leftTop,1409861688008,1409861678167
9.4.14.3,test,1vs4,2,rightB,leftB,leftTop,1409861688008,1409861678167
9.4.14.3,test,1vs4,2,rightB,leftB,leftTop,1409861688008,1409861678167
9.4.14.3,test,1vs4,2,rightB,leftB,leftTop,1409861688008,1409861678167
9.4.14.3,test,1vs4,2,rightB,leftB,leftTop,1409861688008,1409861678167
9.4.14.3,test,1vs4,2,rightB,leftB,leftTop,1409861688008,1409861678167
9.4.14.3,test,1vs4,2,rightB,leftB,leftTop,1409861688008,1409861678167
9.4.14.3,test,1vs4,2,rightB,leftB,leftTop,1409861688008,1409861678167
9.4.14.3,test,1vs4,2,rightB,leftB,leftTop,1409861688008,1409861678167
9.4.14.3,test,1vs4,2,rightB,leftB,leftTop,1409861688008,1409861678167
9.4.14.3,test,1vs4,2,rightB,leftB,leftTop,1409861688008,1409861678167
9.4.14.3,test,1vs4,2,rightB,leftB,leftTop,1409861688008,1409861678167
9.4.14.3,test,1vs4,2,rightB,leftB,leftTop,1409861688008,1409861678167
9.4.14.3,test,1vs4,2,rightB,leftB,leftTop,1409861688008,1409861678167
9.4.14.3,test,1vs4,2,rightB,leftB,leftTop,1409861688008,1409861678167
9.4.14.3,test,1vs4,2,rightB,leftB,leftTop,1409861688008,1409861678167
9.4.14.3,test,1vs4,2,rightB,leftB,leftBottom,1409861688008,1409861704495
9.4.14.3,test,1vs2,3,rightB,rightB,rightTop,1409861712418,1409861712689
9.4.14.3,test,2vs3,4,rightB,leftB,rightTop,1409861722355,1409861712689
9.4.14.3,test,2vs3,4,rightB,leftB,rightTop,1409861722355,1409861712689
9.4.14.3,test,2vs3,4,rightB,leftB,rightTop,1409861722355,1409861712689
9.4.14.3,test,2vs3,4,rightB,leftB,rightTop,1409861722355,1409861712689
9.4.14.3,test,2vs3,4,rightB,leftB,rightTop,1409861722355,1409861712689
9.4.14.3,test,2vs3,4,rightB,leftB,rightTop,1409861722355,1409861712689
9.4.14.3,test,2vs3,4,rightB,leftB,rightTop,1409861722355,1409861712689
9.4.14.3,test,2vs3,4,rightB,leftB,rightTop,1409861722355,1409861712689
9.4.14.3,test,2vs3,4,rightB,leftB,rightTop,1409861722355,1409861712689
9.4.14.3,test,2vs3,4,rightB,leftB,rightTop,1409861722355,1409861712689
9.4.14.3,test,2vs3,4,rightB,leftB,rightTop,1409861722355,1409861712689
9.4.14.3,test,2vs3,4,rightB,leftB,rightTop,1409861722355,1409861712689
9.4.14.3,test,2vs3,4,rightB,leftB,rightTop,1409861722355,1409861712689
9.4.14.3,test,2vs3,4,rightB,leftB,rightTop,1409861722355,1409861712689
9.4.14.3,test,2vs3,4,rightB,leftB,rightTop,1409861722355,1409861712689
9.4.14.3,test,2vs3,4,rightB,leftB,rightTop,1409861722355,1409861712689
9.4.14.3,test,2vs3,4,rightB,leftB,rightTop,1409861722355,1409861712689
9.4.14.3,test,2vs3,4,rightB,leftB,rightTop,1409861722355,1409861712689
9.4.14.3,test,2vs3,4,rightB,leftB,rightTop,1409861722355,1409861712689
9.4.14.3,test,2vs3,4,rightB,leftB,rightTop,1409861722355,1409861712689
9.4.14.3,test,2vs3,4,rightB,leftB,rightTop,1409861722355,1409861712689
9.4.14.3,test,2vs3,4,rightB,leftB,rightTop,1409861722355,1409861712689
9.4.14.3,test,2vs3,4,rightB,leftB,rightTop,1409861722355,1409861712689
9.4.14.3,test,2vs3,4,rightB,leftB,rightTop,1409861722355,1409861712689
9.4.14.3,test,2vs3,4,rightB,leftB,rightTop,1409861722355,1409861712689
9.4.14.3,test,2vs3,4,rightB,leftB,rightTop,1409861722355,1409861712689
9.4.14.3,test,2vs3,4,rightB,leftB,rightTop,1409861722355,1409861712689
9.4.14.3,test,2vs3,4,rightB,leftB,rightTop,1409861722355,1409861712689
9.4.14.3,test,2vs3,4,rightB,leftB,rightTop,1409861722355,1409861712689
9.4.14.3,test,2vs3,4,rightB,leftB,rightTop,1409861722355,1409861712689
9.4.14.3,test,2vs3,4,rightB,leftB,rightTop,1409861722355,1409861712689
9.4.14.3,test,2vs3,4,rightB,leftB,rightTop,1409861722355,1409861712689
9.4.14.3,test,2vs3,4,rightB,leftB,rightTop,1409861722355,1409861712689
9.4.14.3,test,2vs3,4,rightB,leftB,rightTop,1409861722355,1409861712689
9.4.14.3,test,2vs3,4,rightB,leftB,rightTop,1409861722355,1409861712689
9.4.14.3,test,2vs3,4,rightB,leftB,rightTop,1409861722355,1409861712689
9.4.14.3,test,2vs3,4,rightB,leftB,rightTop,1409861722355,1409861712689
9.4.14.3,test,2vs3,4,rightB,leftB,rightTop,1409861722355,1409861712689
9.4.14.3,test,2vs3,4,rightB,leftB,rightTop,1409861722355,1409861712689
9.4.14.3,test,2vs3,4,rightB,leftB,rightTop,1409861722355,1409861712689
9.4.14.3,test,2vs3,4,rightB,leftB,rightTop,1409861722355,1409861712689
9.4.14.3,test,2vs3,4,rightB,leftB,rightTop,1409861722355,1409861712689
9.4.14.3,test,2vs3,4,rightB,leftB,rightTop,1409861722355,1409861712689
9.4.14.3,test,2vs3,4,rightB,leftB,rightTop,1409861722355,1409861712689
9.4.14.3,test,2vs3,4,rightB,leftB,rightTop,1409861722355,1409861712689
9.4.14.3,test,2vs3,4,rightB,leftB,rightTop,1409861722355,1409861712689
9.4.14.3,test,2vs3,4,rightB,leftB,rightTop,1409861722355,1409861712689
9.4.14.3,test,2vs3,4,rightB,leftB,rightTop,1409861722355,1409861712689
9.4.14.3,test,2vs3,4,rightB,leftB,rightTop,1409861722355,1409861712689
9.4.14.3,test,2vs3,4,rightB,leftB,rightTop,1409861722355,1409861712689
9.4.14.3,test,2vs3,4,rightB,leftB,rightTop,1409861722355,1409861712689
9.4.14.3,test,2vs3,4,rightB,leftB,rightTop,1409861722355,1409861712689
9.4.14.3,test,2vs3,4,rightB,leftB,rightTop,1409861722355,1409861712689
9.4.14.3,test,2vs3,4,rightB,leftB,rightTop,1409861722355,1409861712689
9.4.14.3,test,2vs3,4,rightB,leftB,rightTop,1409861722355,1409861712689
9.4.14.3,test,2vs3,4,rightB,leftB,rightTop,1409861722355,1409861712689
9.4.14.3,test,2vs3,4,rightB,leftB,rightTop,1409861722355,1409861712689
9.4.14.3,test,2vs3,4,rightB,leftB,rightTop,1409861722355,1409861712689
9.4.14.3,test,2vs3,4,rightB,leftB,rightTop,1409861722355,1409861712689
9.4.14.3,test,2vs3,4,rightB,leftB,rightTop,1409861722355,1409861712689
9.4.14.3,test,2vs3,4,rightB,leftB,rightTop,1409861722355,1409861712689
9.4.14.3,test,2vs3,4,rightB,leftB,rightTop,1409861722355,1409861712689
9.4.14.3,test,2vs3,4,rightB,leftB,rightTop,1409861722355,1409861712689
9.4.14.3,test,2vs3,4,rightB,leftB,rightTop,1409861722355,1409861712689
9.4.14.3,test,2vs3,4,rightB,leftB,rightTop,1409861722355,1409861712689
9.4.14.3,test,2vs3,4,rightB,leftB,rightTop,1409861722355,1409861712689
9.4.14.3,test,2vs3,4,rightB,leftB,rightTop,1409861722355,1409861712689
9.4.14.3,test,2vs3,4,rightB,leftB,rightTop,1409861722355,1409861712689
9.4.14.3,test,2vs3,4,rightB,leftB,rightTop,1409861722355,1409861712689
9.4.14.3,test,2vs3,4,rightB,leftB,rightTop,1409861722355,1409861712689
9.4.14.3,test,2vs3,4,rightB,leftB,rightTop,1409861722355,1409861712689
9.4.14.3,test,2vs3,4,rightB,leftB,rightTop,1409861722355,1409861712689
9.4.14.3,test,2vs3,4,rightB,leftB,rightTop,1409861722355,1409861712689
9.4.14.3,test,2vs3,4,rightB,leftB,rightTop,1409861722355,1409861712689
9.4.14.3,test,2vs3,4,rightB,leftB,rightTop,1409861722355,1409861712689
9.4.14.3,test,2vs3,4,rightB,leftB,rightTop,1409861722355,1409861712689
9.4.14.3,test,2vs3,4,rightB,leftB,rightTop,1409861722355,1409861712689
9.4.14.3,test,2vs3,4,rightB,leftB,rightTop,1409861722355,1409861712689
9.4.14.3,test,2vs3,4,rightB,leftB,rightTop,1409861722355,1409861712689
9.4.14.3,test,2vs3,4,rightB,leftB,leftTop,1409861722355,1409861764231
9.4.14.3,test,1vs2,5,leftB,rightB,rightBottom,1409861778454,1409861778679
9.4.14.3,test,1vs4,6,rightB,leftB,rightBottom,1409861792592,1409861778679
9.4.14.3,test,1vs4,6,rightB,leftB,rightBottom,1409861792592,1409861778679
9.4.14.3,test,1vs4,6,rightB,leftB,rightBottom,1409861792592,1409861778679
9.4.14.3,test,1vs4,6,rightB,leftB,rightBottom,1409861792592,1409861778679
9.4.14.3,test,1vs4,6,rightB,leftB,rightBottom,1409861792592,1409861778679
9.4.14.3,test,1vs4,6,rightB,leftB,rightBottom,1409861792592,1409861778679
9.4.14.3,test,1vs4,6,rightB,leftB,rightBottom,1409861792592,1409861778679
9.4.14.3,test,1vs4,6,rightB,leftB,rightBottom,1409861792592,1409861778679
9.4.14.3,test,1vs4,6,rightB,leftB,rightBottom,1409861792592,1409861778679
9.4.14.3,test,1vs4,6,rightB,leftB,rightBottom,1409861792592,1409861778679
9.4.14.3,test,1vs4,6,rightB,leftB,rightBottom,1409861792592,1409861778679
9.4.14.3,test,1vs4,6,rightB,leftB,rightBottom,1409861792592,1409861778679
9.4.14.3,test,1vs4,6,rightB,leftB,rightBottom,1409861792592,1409861778679
9.4.14.3,test,1vs4,6,rightB,leftB,rightBottom,1409861792592,1409861778679
9.4.14.3,test,1vs4,6,rightB,leftB,rightBottom,1409861792592,1409861778679
9.4.14.3,test,1vs4,6,rightB,leftB,rightBottom,1409861792592,1409861778679
9.4.14.3,test,1vs4,6,rightB,leftB,rightBottom,1409861792592,1409861778679
9.4.14.3,test,1vs4,6,rightB,leftB,rightBottom,1409861792592,1409861778679
9.4.14.3,test,1vs4,6,rightB,leftB,rightBottom,1409861792592,1409861778679
9.4.14.3,test,1vs4,6,rightB,leftB,rightBottom,1409861792592,1409861778679
9.4.14.3,test,1vs4,6,rightB,leftB,rightBottom,1409861792592,1409861778679
9.4.14.3,test,1vs4,6,rightB,leftB,rightBottom,1409861792592,1409861778679
9.4.14.3,test,1vs4,6,rightB,leftB,rightBottom,1409861792592,1409861778679
9.4.14.3,test,1vs4,6,rightB,leftB,rightBottom,1409861792592,1409861778679
9.4.14.3,test,1vs4,6,rightB,leftB,rightBottom,1409861792592,1409861778679
9.4.14.3,test,1vs4,6,rightB,leftB,rightBottom,1409861792592,1409861778679
9.4.14.3,test,1vs4,6,rightB,leftB,rightBottom,1409861792592,1409861778679
9.4.14.3,test,1vs4,6,rightB,leftB,leftBottom,1409861792592,1409861810855
9.4.14.3,test,2vs3,7,rightB,rightB,rightBottom,1409861825117,1409861825260
9.4.14.3,test,1vs3,8,leftB,leftB,rightBottom,1409861838503,1409861825260
9.4.14.3,test,1vs3,8,leftB,leftB,rightBottom,1409861838503,1409861825260
9.4.14.3,test,1vs3,8,leftB,leftB,rightBottom,1409861838503,1409861825260
9.4.14.3,test,1vs3,8,leftB,leftB,rightBottom,1409861838503,1409861825260
9.4.14.3,test,1vs3,8,leftB,leftB,rightBottom,1409861838503,1409861825260
9.4.14.3,test,1vs3,8,leftB,leftB,rightBottom,1409861838503,1409861825260
9.4.14.3,test,1vs3,8,leftB,leftB,rightBottom,1409861838503,1409861825260
9.4.14.3,test,1vs3,8,leftB,leftB,rightBottom,1409861838503,1409861825260
9.4.14.3,test,1vs3,8,leftB,leftB,rightBottom,1409861838503,1409861825260
9.4.14.3,test,1vs3,8,leftB,leftB,rightBottom,1409861838503,1409861825260
9.4.14.3,test,1vs3,8,leftB,leftB,rightBottom,1409861838503,1409861825260
9.4.14.3,test,1vs3,8,leftB,leftB,rightBottom,1409861838503,1409861825260
9.4.14.3,test,1vs3,8,leftB,leftB,leftBottom,1409861838503,1409861842624
9.4.14.3,test,1vs2,9,rightB,rightB,rightBottom,1409861852556,1409861852694
9.4.14.3,test,1vs4,10,rightB,rightB,rightBottom,1409861862722,1409861862817
9.4.14.3,test,2vs3,11,rightB,leftB,leftBottom,1409861872933,1409861873183
9.4.14.3,test,1vs3,12,leftB,leftB,leftBottom,1409861887438,1409861888167
9.4.14.3,test,1vs2,13,rightB,leftB,leftBottom,1409861897856,1409861898349
9.4.14.3,test,1vs4,14,leftB,rightB,leftBottom,1409861916070,1409861898349
9.4.14.3,test,1vs4,14,leftB,rightB,leftBottom,1409861916070,1409861898349
9.4.14.3,test,1vs4,14,leftB,rightB,rightTop,1409861916070,1409861919132
9.4.14.3,test,1vs4,14,leftB,rightB,leftBottom,1409861916070,1409861898349
9.4.14.3,test,1vs4,14,leftB,rightB,leftBottom,1409861916070,1409861898349
9.4.14.3,test,2vs3,15,rightB,leftB,leftBottom,1409861930827,1409861931193
9.4.14.3,test,1vs3,16,rightB,rightB,leftBottom,1409861944033,1409861931193
9.4.14.3,test,1vs3,16,rightB,rightB,leftBottom,1409861944033,1409861931193
9.4.14.3,test,1vs3,16,rightB,rightB,leftBottom,1409861944033,1409861931193
9.4.14.3,test,1vs3,16,rightB,rightB,leftBottom,1409861944033,1409861931193
9.4.14.3,test,1vs3,16,rightB,rightB,leftBottom,1409861944033,1409861931193
9.4.14.3,test,1vs3,16,rightB,rightB,leftBottom,1409861944033,1409861931193
9.4.14.3,test,1vs3,16,rightB,rightB,rightBottom,1409861944033,1409861946591
9.4.14.4,warmUp,1vs3,1,rightB,rightB,cookieright2,1409862888581,1409862888901
9.4.14.4,warmUp,1vs4,2,rightB,leftB,cookieleft2,1409862898874,1409862901466
9.4.14.4,warmUp,1vs2,3,leftB,rightB,cookieright1,1409862909218,1409862909504
9.4.14.4,warmUp,2vs3,4,rightB,leftB,cookieleft2,1409862919011,1409862919288
9.4.14.4,warmUp,1vs4,5,rightB,rightB,cookieright3,1409862932283,1409862932704
9.4.14.4,warmUp,1vs2,6,rightB,leftB,cookieleft1,1409862941115,1409862941352
9.4.14.4,warmUp,2vs3,7,leftB,rightB,cookieright2,1409862951077,1409862951229
9.4.14.4,warmUp,1vs3,8,rightB,rightB,cookieright2,1409862960079,1409862960480
9.4.14.4,test,1vs3,1,leftB,leftB,leftBottom,1409862983480,1409862983858
9.4.14.4,test,1vs4,2,leftB,leftB,leftBottom,1409862994170,1409862995645
9.4.14.4,test,1vs2,3,rightB,rightB,rightBottom,1409863003598,1409863004051
9.4.14.4,test,2vs3,4,leftB,rightB,rightBottom,1409863014192,1409863014600
9.4.14.4,test,1vs4,5,leftB,leftB,leftBottom,1409863027376,1409863028350
9.4.14.4,test,1vs2,6,leftB,leftB,leftBottom,1409863036102,1409863036475
9.4.14.4,test,2vs3,7,leftB,leftB,leftBottom,1409863046375,1409863047019
9.4.14.4,test,1vs3,8,leftB,leftB,leftBottom,1409863055887,1409863056168
9.4.14.4,test,1vs4,9,leftB,rightB,rightBottom,1409863068723,1409863068752
9.4.14.4,test,1vs2,10,rightB,rightB,rightBottom,1409863076525,1409863076967
9.4.14.4,test,2vs3,11,leftB,rightB,rightBottom,1409863086764,1409863087071
9.4.14.4,test,1vs3,12,rightB,leftB,leftBottom,1409863095944,1409863096412
9.4.14.4,test,1vs4,13,rightB,rightB,rightBottom,1409863109141,1409863113624
9.4.14.4,test,1vs2,14,rightB,leftB,leftBottom,1409863121553,1409863121963
9.4.14.4,test,2vs3,15,rightB,leftB,leftBottom,1409863131717,1409863132753
9.4.14.4,test,1vs3,16,leftB,rightB,rightBottom,1409863141515,1409863142591